상품명,적용시작일,판매가,매입단가,개당순마진
u자 핀,2026-07-02,8450.0,1452.0000000000002,5342.0
u자 핀,2026-07-22,6450.0,1452.0000000000002,3734.0
u자 핀,2026-07-30,5950.0,1452.0000000000002,3332.0
u형머리띠,2026-07-01,7450.0,1435.4999999999998,4488.0
u형머리띠,2026-07-13,6450.0,1435.4999999999998,3693.0
가죽벨트,2026-07-01,8450.0,2296.8,1921.0
가죽벨트,2026-07-08,6950.0,2296.8,728.0
각도기세트,2026-07-01,5950.0,1551.0,536.0
간식 봉투m,2026-07-01,9950.0,2904.0000000000005,4976.0
간식 봉투m,2026-07-13,8950.0,2904.0000000000005,4184.0
간식 봉투m,2026-07-30,8450.0,2904.0000000000005,1271.0
간식 봉투s,2026-07-01,8950.0,2244.0000000000005,4844.0
간식 봉투s,2026-07-13,7950.0,2244.0000000000005,4052.0
간식 봉투s,2026-07-30,7450.0,2244.0000000000005,923.0
군대 후레쉬 볼펜,2026-07-02,9900.0,2098.8,5742.0
군대 후레쉬 볼펜,2026-07-30,8950.0,2098.8,4989.0
굳은살 밴드,2026-07-01,8900.0,1221.0,6095.0
굳은살 밴드,2026-07-08,7900.0,1221.0,5273.0
굳은살 밴드,2026-07-10,6950.0,1221.0,4492.0
굳은살 밴드,2026-07-22,6950.0,1221.0,2387.0
굳은살 밴드,2026-07-30,5950.0,1221.0,1565.0
꽃 미니 집게핀,2026-07-01,7950.0,2012.9999999999998,4307.0
꽃 미니 집게핀,2026-07-22,5950.0,2012.9999999999998,467.0
남자 팔찌,2026-07-01,8900.0,1851.3000000000002,2674.0
네일자석,2026-07-01,5400.0,1151.7,1085.0
딜라이프 2+1 대나무효자,2026-07-01,8950.0,1517.9999999999998,5570.0
딜라이프 2+1 대나무효자,2026-07-08,7950.0,1517.9999999999998,4778.0
딜라이프 2+1 대나무효자,2026-07-10,6950.0,1517.9999999999998,1836.0
딜라이프 2+1 대나무효자,2026-07-30,5950.0,1517.9999999999998,1044.0
딜라이프 선글라스,2026-07-01,9900.0,2343.0,5527.0
딜라이프 선글라스,2026-07-30,8450.0,2343.0,4375.0
라텍스,2026-07-01,4950.0,858.0,912.0
리본 미니 집게핀,2026-07-01,5950.0,593.9999999999999,4136.0
리본 미니 집게핀,2026-07-22,3950.0,593.9999999999999,296.0
마카롱 머리끈,2026-07-01,4950.0,1056.0,629.0
문신스티커,2026-07-01,4950.0,963.6,911.0
물병세척솔,2026-07-01,7950.0,874.5,3272.0
물병세척솔,2026-07-10,6950.0,874.5,2480.0
물병세척솔,2026-07-22,5850.0,874.5,1609.0
물병세척솔,2026-07-26,6950.0,874.5,2480.0
물집방지,2026-07-01,9900.0,858.0,5025.0
미니 수첩,2026-07-01,9450.0,1346.4,6138.0
미니 수첩,2026-07-08,8450.0,1346.4,5346.0
미니 수첩,2026-07-10,6950.0,1346.4,1533.0
미니 수첩,2026-07-30,6450.0,1346.4,1137.0
반사 야광 테이프,2026-07-01,5900.0,165.0,4508.0
반사 야광 테이프,2026-07-22,4950.0,165.0,1255.0
반짇고리함,2026-07-01,8950.0,3695.9999999999995,1142.0
반투명 포스트잇,2026-07-01,5950.0,150.0,1937.0
벨크로타이,2026-07-01,7950.0,1287.0,2659.0
별오점 꽃 스티커,2026-07-01,3950.0,1560.9,1567.0
별오점 꽃 스티커,2026-07-22,3950.0,1560.9,-1008.0
보습비닐,2026-07-01,6450.0,1815.0,1607.0
보습비닐,2026-07-22,4950.0,1815.0,55.0
보습양말,2026-07-01,5450.0,1650.0,627.0
보습양말,2026-07-22,4950.0,1650.0,225.0
빗살머리띠,2026-07-01,7950.0,1980.0,4340.0
빗살머리띠,2026-07-10,7450.0,1980.0,3943.0
빗살머리띠,2026-07-13,6900.0,1980.0,3943.0
빗살머리띠,2026-07-22,6900.0,1980.0,3505.0
빗살머리띠,2026-07-26,5900.0,1980.0,2710.0
뿌리볼륨빗,2026-07-01,5950.0,1089.0,1590.0
선글라스 홀더,2026-07-01,8900.0,1590.6000000000001,5484.0
선글라스 홀더,2026-07-10,6900.0,1590.6000000000001,3894.0
선글라스 홀더,2026-07-14,4900.0,1590.6000000000001,2304.0
선글라스 홀더,2026-07-22,3900.0,1590.6000000000001,1509.0
세탁기 틈새솔,2026-07-02,7900.0,1277.1000000000001,4980.0
세탁기 틈새솔,2026-07-30,6950.0,1277.1000000000001,4227.0
소음방지,2026-07-01,5450.0,547.8,1618.0
손가락 지압 롤러,2026-07-01,4950.0,1270.5,2799.0
손가락 지압 롤러,2026-07-06,3950.0,1270.5,1977.0
스테인레스 자,2026-07-07,9450.0,3349.5,4135.0
스테인레스 자,2026-07-14,7950.0,3349.5,2947.0
스펀지 집게,2026-07-01,6450.0,3.69,1863.0
스펀지 집게,2026-07-22,6450.0,1217.7,1863.0
스프링 머리끈,2026-07-01,4950.0,891.0000000000001,3044.0
스프링 머리끈,2026-07-22,4950.0,891.0000000000001,794.0
실뜨기,2026-07-01,5450.0,297.0,1769.0
실리콘 빨대,2026-07-01,6450.0,1847.9999999999998,1110.0
실리콘 빨대,2026-07-06,5450.0,1847.9999999999998,318.0
실리콘 빨대,2026-07-08,4950.0,1847.9999999999998,22.0
실리콘 빨대,2026-07-10,3950.0,1847.9999999999998,-770.0
실리콘받침대,2026-07-01,6900.0,1881.0,1434.0
약봉투,2026-07-01,6950.0,1980.0,1174.0
어항꾸미기,2026-07-01,5450.0,693.0,1518.0
연필홀더,2026-07-01,6950.0,792.0,4712.0
연필홀더,2026-07-14,5950.0,792.0,3920.0
염색 귀마개,2026-07-01,8450.0,2534.4,4260.0
염색 귀마개,2026-07-22,8450.0,2534.4,1695.0
운동화 방수 커버,2026-07-01,9900.0,3349.5,4492.0
운동화 방수 커버,2026-07-30,8450.0,3349.5,1193.0
운동화 수선,2026-07-01,5950.0,1452.0000000000002,3260.0
운동화 수선,2026-07-06,4450.0,1452.0000000000002,2072.0
운동화끈,2026-07-02,9900.0,1320.0,6550.0
운동화끈,2026-07-10,7900.0,1320.0,4960.0
운동화끈,2026-07-14,6450.0,1320.0,3808.0
이어플러그,2026-07-01,14900.0,2257.2,9991.0
이어플러그,2026-07-10,12900.0,2257.2,8347.0
이어플러그,2026-07-13,14900.0,2257.2,9991.0
입체 스티커,2026-07-01,5450.0,1089.0,602.0
장갑걸이,2026-07-01,7950.0,2112.0,4184.0
장갑걸이,2026-07-14,7450.0,2112.0,3788.0
젤네일 쑥오프,2026-07-01,5450.0,561.0,1716.0
젤네일 쑥오프,2026-07-08,4950.0,561.0,1314.0
조각 칼 ,2026-07-01,4950.0,442.20000000000005,903.0
줄눈헤라,2026-07-01,3000.0,461.99999999999994,-586.0
지압봉,2026-07-01,6450.0,1254.0,1943.0
지워지는볼펜,2026-07-01,5450.0,1155.0,536.0
짱짱 머리끈,2026-07-01,4950.0,422.40000000000003,1263.0
칼베임손가락골무,2026-07-01,5950.0,1188.0,974.0
컨페티,2026-07-01,4950.0,653.4,3267.0
컨페티,2026-07-06,3950.0,653.4,2475.0
콧볼,2026-07-01,6950.0,709.5,2774.0
큐티클 쪽가위,2026-07-01,5450.0,4.7,2272.0
큐티클 쪽가위,2026-07-22,5450.0,1551.0,726.0
톱,2026-07-01,6450.0,1881.0,677.0
파티선글라스,2026-07-01,7900.0,2263.8,1368.0
페인트 붓,2026-07-01,7950.0,1287.0,2459.0
페인트 붓,2026-07-30,6450.0,1287.0,1271.0
펜슬샤프너,2026-07-01,6950.0,1006.4999999999999,2477.0
펜슬샤프너,2026-07-24,5220.0,1006.4999999999999,1086.0
하트집게핀,2026-07-01,6450.0,1187.9999999999998,1690.0
허리바지고무줄,2026-07-01,3000.0,990.0,-764.0
효자손,2026-07-01,6900.0,923.9999999999999,2391.0
휴대용 돋보기,2026-07-01,3000.0,1056.0,-695.0
휴대용 돋보기 카드형,2026-07-01,7900.0,660.0,3729.0
휴대용 돋보기 카드형,2026-07-30,5900.0,660.0,2085.0
